{
    "BLUE-AWACS-1": {
        "radius": 55560,
        "x": -111974.70708793,
        "y": -272994.80894222
    },
    "BORDERZONE-1": {
        "vertices": [
            {
                "x": -226328.22237151,
                "y": -269500.16941033
            },
            {
                "x": -294207.71457519,
                "y": -218555.84704069
            },
            {
                "x": -288704.33015919,
                "y": -133333.23534445
            },
            {
                "x": -202583.80505176,
                "y": -221280.92859419
            }
        ],
        "x": -252956.01803941,
        "y": -210667.54509742
    },
    "CAP-1": {
        "radius": 55560,
        "x": -274186.72994568,
        "y": -255144.5450825
    },
    "RED-AWACS-1": {
        "radius": 55560,
        "x": -287672.23742099,
        "y": -331605.87045933
    }
}