{
    "BLUE AWACS ZONE-1": {
        "radius": 55560,
        "x": -547382.1120944,
        "y": -893944.89675516
    },
    "CAP-1": {
        "radius": 55560,
        "x": -443011.91740413,
        "y": -949810.73746313
    },
    "RED AWACS ZONE-1": {
        "radius": 55560,
        "x": -328302.30088496,
        "y": -1001356.9321534
    }
}