{
    "objectives": {
        "OBJ-1": {
            "airbases": [
                "AIRBASE-1"
            ],
            "completeSound": "",
            "component": "objective",
            "farps": [],
            "label": "Kobuleti",
            "nodes": {
                "NODE-1": {
                    "label": "Fuel Depot",
                    "radius": 260,
                    "x": -318647.90260888,
                    "y": 635639.94371449
                },
                "NODE-2": {
                    "label": "Administration",
                    "radius": 260,
                    "x": -317243.91630102,
                    "y": 636550.92958111
                },
                "NODE-3": {
                    "label": "Control Tower",
                    "radius": 260,
                    "x": -317742.98860833,
                    "y": 635357.84120535
                }
            },
            "qrfs": [
                "QRF-1"
            ],
            "reinforcements": [],
            "ship_groups": [],
            "static_groups": [
                "Kobuleti Airwing Warehouse"
            ],
            "strand": "STRAND-1",
            "tasks": [],
            "vehicle_groups": [],
            "vertices": [
                {
                    "x": -316452.57342177,
                    "y": 631810.31650787
                },
                {
                    "x": -321334.67098557,
                    "y": 634049.71298376
                },
                {
                    "x": -319170.99564044,
                    "y": 639277.92126688
                },
                {
                    "x": -314721.54483716,
                    "y": 636769.42987013
                }
            ],
            "x": -317919.94622124,
            "y": 635476.84515716
        }
    },
    "strands": {
        "STRAND-1": [
            "OBJ-1"
        ]
    }
}