{
    "QRF-1": {
        "component": "qrf",
        "label": "QRF 1",
        "ship_groups": [],
        "static_groups": [
            "Kobuleti Airwing Warehouse"
        ],
        "vehicleQrfTemplates": [],
        "vehicle_groups": [],
        "vertices": [
            {
                "x": -317401.09648962,
                "y": 636778.19486635
            },
            {
                "x": -317346.86980457,
                "y": 636759.86998657
            },
            {
                "x": -317367.81252431,
                "y": 636704.52137011
            },
            {
                "x": -317419.42136939,
                "y": 636722.84624989
            }
        ],
        "x": -317383.80004697,
        "y": 636741.35811823
    }
}