{
    "BLUE AWACS ZONE": {
        "radius": 2743.2,
        "x": -356217.52087253,
        "y": 570419.13210372
    }
}