{
    "blue": {
        "AIRBASE Support 1-1": [
            {
                "heading": 0.0,
                "type": "Stinger comm",
                "x": -355450.33980188,
                "y": 617543.93010846
            }
        ],
        "MASH 1-1": [
            {
                "heading": 99.00000000000078,
                "type": "NASAMS_Command_Post",
                "x": -355029.76705095,
                "y": 616498.71631936
            }
        ],
        "MASH 1-2": [
            {
                "heading": 99.00000000000078,
                "type": "NASAMS_Command_Post",
                "x": -355641.44262983,
                "y": 617338.72833748
            }
        ],
        "MASH 1-3": [
            {
                "heading": 99.00000000000078,
                "type": "NASAMS_Command_Post",
                "x": -356290.43618338,
                "y": 618205.41676931
            }
        ]
    },
    "neutrals": {},
    "red": {}
}