{
    "CAP-1": {
        "radius": 55560,
        "x": 119863.88064219,
        "y": -75494.250327721
    }
}