{
    "BLUE AWACS ZONE": {
        "radius": 55560,
        "x": 66201.147400442,
        "y": -181916.40117994
    },
    "CAP-1": {
        "radius": 55560,
        "x": 159745.5218193,
        "y": -31537.03577318
    },
    "CAP-2": {
        "radius": 55560,
        "x": 165127.32123422,
        "y": -7233.9597615916
    },
    "CAP-3": {
        "radius": 55560,
        "x": 198587.17392521,
        "y": 138472.77035557
    },
    "CAP-4": {
        "radius": 55560,
        "x": 155864.8751007,
        "y": -100979.44174992
    },
    "CAP-5": {
        "radius": 55560,
        "x": 178140.07569934,
        "y": 33539.218368512
    },
    "RED AWACS ZONE": {
        "radius": 55560,
        "x": -65333.008849558,
        "y": 202477.7581121
    }
}